{
  "name": "masonry",
  "version": "3.1.2",
  "description": "Cascading grid layout library",
  "main": "masonry.js",
  "dependencies": {
    "get-size": "desandro/get-size#>=1.1.4 <2.0",
    "outlayer": ">=1.1.2 <2.0"
  },
  "devDependencies": {
    "doc-ready": "desandro/doc-ready",
    "qunit": "1.12"
  },
  "homepage": "https://github.com/desandro/masonry",
  "_release": "3.1.2",
  "_resolution": {
    "type": "version",
    "tag": "v3.1.2",
    "commit": "801a4e5b5237bfef2ea4166584ba895d342ac4ef"
  },
  "_source": "git://github.com/desandro/masonry.git",
  "_target": "*",
  "_originalSource": "masonry"
}