{
  "mosaicgrid" : [
    {
      "tile" : {
        "title" : "Mosaicgrid Content Item 07",
        "field_image" : "/images/test/img_07.jpg",
        "path" : "/mosaicgrid/node/67",
        "created" : "Thursday, September 26, 2013 - 20:07",
        "field_imgheight" : "300",
        "field_imgwidth" : "300",
        "field_desc" : "Lorem ipsum dolor sit amet, consectetur adipisicing elit, sed do eiusmod tempor incididunt ut labore et dolore magna aliqua."
      }
    },
    {
      "tile" : {
        "title" : "Mosaicgrid Content Item 06",
        "field_image" : "/images/test/img_06.jpg",
        "path" : "/mosaicgrid/node/66",
        "created" : "Thursday, September 26, 2013 - 20:06",
        "field_imgheight" : "200",
        "field_imgwidth" : "300",
        "field_desc" : "Lorem ipsum dolor sit amet, consectetur adipisicing elit, sed do eiusmod tempor incididunt ut labore et dolore magna aliqua."
      }
    },
    {
      "tile" : {
        "title" : "Mosaicgrid Content Item 05",
        "field_image" : "/images/test/img_05.jpg",
        "path" : "/mosaicgrid/node/65",
        "created" : "Thursday, September 26, 2013 - 20:05",
        "field_imgheight" : "250",
        "field_imgwidth" : "200",
        "field_desc" : "Lorem ipsum dolor sit amet, consectetur adipisicing elit, sed do eiusmod tempor incididunt ut labore et dolore magna aliqua."
      }
    },
    {
      "tile" : {
        "title" : "Mosaicgrid Content Item 04",
        "field_image" : "/images/test/img_04.jpg",
        "path" : "/mosaicgrid/node/64",
        "created" : "Thursday, September 26, 2013 - 20:04",
        "field_imgheight" : "200",
        "field_imgwidth" : "200",
        "field_desc" : "Lorem ipsum dolor sit amet, consectetur adipisicing elit, sed do eiusmod tempor incididunt ut labore et dolore magna aliqua."
      }
    },
    {
      "tile" : {
        "title" : "Mosaicgrid Content Item 03",
        "field_image" : "/images/test/img_03.jpg",
        "path" : "/mosaicgrid/node/63",
        "created" : "Thursday, September 26, 2013 - 20:03",
        "field_imgheight" : "210",
        "field_imgwidth" : "300",
        "field_desc" : "Lorem ipsum dolor sit amet, consectetur adipisicing elit, sed do eiusmod tempor incididunt ut labore et dolore magna aliqua."
      }
    },
    {
      "tile" : {
        "title" : "Mosaicgrid Content Item 02",
        "field_image" : "/images/test/img_02.jpg",
        "path" : "/mosaicgrid/node/62",
        "created" : "Thursday, September 26, 2013 - 19:58",
        "field_imgheight" : "150",
        "field_imgwidth" : "350",
        "field_desc" : "Lorem ipsum dolor sit amet, consectetur adipisicing elit, sed do eiusmod tempor incididunt ut labore et dolore magna aliqua."
      }
    },
    {
      "tile" : {
        "title" : "Mosaicgrid Content Item 01",
        "field_image" : "/images/test/img_01.jpg",
        "path" : "/mosaicgrid/node/61",
        "created" : "Thursday, September 26, 2013 - 19:58",
        "field_imgheight" : "200",
        "field_imgwidth" : "300",
        "field_desc" : "Lorem ipsum dolor sit amet, consectetur adipisicing elit, sed do eiusmod tempor incididunt ut labore et dolore magna aliqua."
      }
    }
  ]
}