{
  "name": "eventEmitter",
  "description": "Event based JavaScript for the browser",
  "version": "4.2.3",
  "main": [
    "./EventEmitter.js"
  ],
  "author": {
    "name": "Oliver Caldwell",
    "web": "http://oli.me.uk/"
  },
  "licenses": [
    {
      "type": "MIT",
      "url": "https://github.com/Wolfy87/EventEmitter#license-mit"
    }
  ],
  "keywords": [
    "events",
    "structure"
  ],
  "homepage": "https://github.com/Wolfy87/EventEmitter",
  "_release": "4.2.3",
  "_resolution": {
    "type": "version",
    "tag": "v4.2.3",
    "commit": "9330b7622de3e05950b5550873333790df43d67f"
  },
  "_source": "git://github.com/Wolfy87/EventEmitter.git",
  "_target": ">=3 <5",
  "_originalSource": "eventEmitter"
}