{
  "name": "get-size",
  "version": "1.1.4",
  "main": "get-size.js",
  "description": "measures element size",
  "dependencies": {
    "get-style-property": "desandro/get-style-property"
  },
  "devDependencies": {
    "qunit": "~1.10"
  },
  "homepage": "https://github.com/desandro/get-size",
  "_release": "1.1.4",
  "_resolution": {
    "type": "version",
    "tag": "v1.1.4",
    "commit": "7ef8ac563490d7822162bda79515a824504d2822"
  },
  "_source": "git://github.com/desandro/get-size.git",
  "_target": ">=1.1.4 <2.0",
  "_originalSource": "desandro/get-size"
}